10212,HTR - Hà Tĩnh Runners,https://uprace2.vcdn.vn/20200914/cf9d839760ca46d1d8eb5bc74a098c.jpeg,496,4300000,1213000
11480,Bình Trị Thiên Runners (BTTR),https://uprace2.vcdn.vn/20221008/56446e8f087f0f3355b5c6e052e6ab.png,549,4181000,1424000
52,DNR - DaNang Runners - Anta,https://uprace2.vcdn.vn/202007/e7be95b7aabcf63819690f9b9fc27f.png,370,2877000,914000
273,TCR - Thành Công Runners,https://uprace2.vcdn.vn/20200827/aae4001f9ac559611583fd4db42bff.jpeg,374,2871000,917000
11397,Tây Hà Nội Runners,https://uprace2.vcdn.vn/20221018/e33df941c6ffc05cc1dd42a852e4d0.jpeg,233,2121000,601000
11486,Hòa Khánh Runners - Asics,https://uprace2.vcdn.vn/20211006/653e001c3663b2a48f21b9aa14a94d.jpeg,503,1816000,393000
367,GreenStar Runners,https://uprace2.vcdn.vn/20221012/d9358cdd9e8995ff400587080f9522.jpeg,270,1793000,487000
10239,Nha Trang Runners,https://uprace2.vcdn.vn/20211015/230a4d1ff5c0eac2d431229a2dd780.jpeg,238,1715000,358000
1265,Run2PT,https://uprace2.vcdn.vn/20221025/2afaeae01312610b15c84c2326a851.jpeg,199,1456000,569000
93,Team Heo Đất,https://uprace2.vcdn.vn/20211005/4d4e9b010586bbaaac0ec6a6a520d2.jpeg,191,1341000,505000
125,3T-9194 PTTH HN,https://uprace2.vcdn.vn/202007/54edc26c7417b6195e31514cb9a419.png,185,1123000,485000
11392,Nghệ An Runners - NAR,https://uprace2.vcdn.vn/20221026/d5b7c7f50bd4c14eb3911ed88a1c35.jpeg,148,1118000,387000
10109,THAINGUYEN Runners,https://uprace2.vcdn.vn/20201002/c83574ed485757c6f76a002b32530d.jpeg,121,933000,356000
805,ADIDAS RUNNERS SAIGON,https://uprace2.vcdn.vn/202007/94d4ce9dbf94b079aced090e9e2e41.png,137,900000,420000
10103,BDRC - Binh Duong Running Club,https://uprace2.vcdn.vn/20200916/4f490a4f531d731142c5f225985f54.jpeg,95,873000,291000
12971,Chạy vì động vật hoang dã - Run4Wildlife,https://uprace2.vcdn.vn/20221024/651f7e863106a7c07257d2ee8b4d0e.png,154,803000,199000
50,HPR - Hải Phòng Runners,https://uprace2.vcdn.vn/202007/8217706ae8f28437b2024c49ddc533.jpeg,106,798000,255000
11529,Phu My Hung Runners Club,https://uprace2.vcdn.vn/20220122/9814ac36f64a098ec843c27d0bd84d.jpeg,89,665000,339000
12532,Buon Ma Thuot Runners,https://uprace2.vcdn.vn/20221013/fe4ba63a09aacf2daf565ef249f5f3.jpeg,57,649000,207000
13176,NRF - NEU Runners & Friends,https://uprace2.vcdn.vn/20221025/86f3283f4595d178b681cd9480ecdb.jpeg,93,618000,271000
605,THANH HÓA RUNNERS - THR,https://uprace2.vcdn.vn/202007/5234599871f32405568d05492ae31a.jpeg,88,610000,200000
13027,BDR - Bình Định Runners 🐎🏃,https://uprace2.vcdn.vn/20221026/71820822e0865771427a788b95ec33.jpeg,56,596000,171000
83,Newborns Vietnam,https://uprace2.vcdn.vn/20201005/b2eea78ff40f9d8cdb8143bedd0c9e.jpeg,80,573000,178000
11589,An Phú Park Runners,https://uprace2.vcdn.vn/20221026/bedcf677af5db0acfa15f3a6e9abad.jpeg,70,570000,222000
723,Bull & Mo,https://uprace2.vcdn.vn/20211026/1f6815a99096a604407953d371856a.jpeg,105,568000,58000
10061,SHTP Runners,https://uprace2.vcdn.vn/20200831/eac4be5407f941c9d9ea6c2d73199f.jpeg,63,554000,182000
10267,HOI AN RUNNERS’ COMMUNITY,https://uprace2.vcdn.vn/20211007/dc8e2b05094fd6c81c2f6042fd8c33.jpeg,59,548000,142000
819,VBRC - Vungtau Beach Running Club,https://uprace2.vcdn.vn/202007/3189c0089c295498acb70142eb4c5b.png,66,541000,251000
11494,HRC - Hạ Long Runners club (cùng rực rỡ vì đam mê),https://uprace2.vcdn.vn/20211021/41d7750ffb0d4cd24b2204e23019b5.jpeg,69,536000,244000
514,QuyNhon Morning Run,https://uprace2.vcdn.vn/20221027/8d507b3268b186225a6705c266b1c9.png,63,490000,142000
260,VKL Runners,https://uprace2.vcdn.vn/20200916/1de1993d4b404796da47531cfa7c60.png,56,480000,227000
12935,PTC2 runners,https://uprace2.vcdn.vn/20220930/87db1bed2bc2bb85bd197317f97729.png,63,475000,116000
459,TPR-Thống Nhất Park Runners,,54,449000,192000
414,Chạy Vì Mình - Run4Self,https://uprace2.vcdn.vn/202007/50c99f481709d092fd6dcae6811328.jpeg,52,449000,179000
595,Tân Phú Runners,https://uprace2.vcdn.vn/20221028/b7f5f74917c528a18173577056e19d.png,61,442000,150000
11813,An Suong Runners (ASR),https://uprace2.vcdn.vn/20221013/15bb75fe52ab58704aa7bc71688f38.png,38,424000,164000
269,BHR-Bien Hoa Runners,https://uprace2.vcdn.vn/20200920/090a9e4d606b8ce239dd62aa8489f1.png,54,410000,152000
10405,Quang Ngai Runners Clubs,https://uprace2.vcdn.vn/20211028/a3bc89672af2836e169cbd9546ac09.jpeg,51,406000,128000
268,Vinh Runners,https://uprace2.vcdn.vn/20200912/430932762bcf7fbf7a8f80fb4253d7.png,52,405000,122000
108,AgriRun,https://uprace2.vcdn.vn/202007/2bb47c9f199de28035414d63ffeb03.png,58,387000,142000
425,Hồ Lộn Team,https://uprace2.vcdn.vn/202007/f7499673f9f0706b86560291903278.jpeg,52,385000,166000
10097,88 Runners,https://uprace2.vcdn.vn/20211007/4f0498886880d2667465bf6455da76.jpeg,39,385000,160000
13054,Bến Tre Runners Club,https://uprace2.vcdn.vn/20221015/ad0b1810842ddfa57d0dcf32178dea.jpeg,57,380000,165000
10151,AN BÌNH CITY RUNNERS,https://uprace2.vcdn.vn/20221018/1bc2f67419401f006e0b551922f70c.jpeg,58,367000,116000
64,RFF- Run For Fun Club,https://uprace2.vcdn.vn/20211024/1e8e1668926e3380bb2886cf115cac.jpeg,50,362000,177000
10051,HAI DUONG RUNNERS (HDRC),https://uprace2.vcdn.vn/20200827/5319dde2cc1a6de34e90f67ce0276d.jpeg,44,357000,118000
13009,Happy Running Community,https://uprace2.vcdn.vn/20221012/dcf1b5029471f957a7f066da3c6a71.png,37,349000,81000
10231,Phu Tho Stadium Runners - PTSR,https://uprace2.vcdn.vn/20221012/22b46a1d9c66fe71c1732fc32870fa.jpeg,41,334000,114000
12949,5h30,https://uprace2.vcdn.vn/20221025/404063bfb178dd8c18ef3a53da48a5.png,47,321000,102000
132,HaDong Runners - HDR,,49,311000,108000
10957,CẨM PHẢ RUNNERS - CPR,https://uprace2.vcdn.vn/20221012/a8cded33b4360b2c0595f2c7ae02a6.png,33,289000,145000
916,SAIGON RUA,https://uprace2.vcdn.vn/202007/87193e4877055801445ceaebf5567c.jpeg,23,278000,203000
13076,CISAN RUNNER,https://uprace2.vcdn.vn/20221017/3047538983c8841281d8440934d256.png,42,261000,92000
11359,Make Runners Great,https://uprace2.vcdn.vn/20211106/153d0365b1924c7fca592ca7b9ed90.jpeg,30,260000,82000
13001,Ba Thôn runners club,https://uprace2.vcdn.vn/20221022/37f5616c1a82f59c57fde52a69b4aa.jpeg,33,251000,89000
11588,Đội TVSV,https://uprace2.vcdn.vn/20211103/09951cee91eaac9caf9a8d5074d6ca.jpeg,60,247000,38000
420,CÙNG RÈN LUYỆN,https://uprace2.vcdn.vn/202007/294d52f6d81ca051dde9226fd88bb4.jpeg,34,245000,83000
13022,Leadership One Runner,https://uprace2.vcdn.vn/20221013/4a826982f8b8d61f380e9cb8eaeb9f.png,46,243000,103000
265,Run n Beer,https://uprace2.vcdn.vn/20200917/56cedf5190c415a772f048d6643c47.jpeg,28,238000,102000
13243,SƠN LA Runners,https://uprace2.vcdn.vn/20221027/20edcd5f8036a1ca26e467e1868cbd.png,17,236000,141000
287,GreenViet,https://uprace2.vcdn.vn/202007/15110b13140d09ff7134902ead2592.png,48,235000,91000
94,VietSeeds Foundation,https://uprace2.vcdn.vn/202007/455f1fa658b3540d009f7522c0960a.jpeg,42,231000,97000
11791,A10 NTY,,29,228000,117000
11484,West Lake Runners,https://uprace2.vcdn.vn/20211006/253c86013db34dfb98cb2617c5945e.jpeg,33,219000,108000
11535,VIETNAM MAF RUNNING COMMUNITY,https://uprace2.vcdn.vn/20211014/8e8f2ae95979e4961c4b4dc26be5c8.jpeg,21,216000,124000
13035,4s Runners,https://uprace2.vcdn.vn/20221014/cce0d8e3d398b4c45bce3cdaf19718.png,21,215000,107000
11570,AYP Runners,https://uprace2.vcdn.vn/20221015/ed9f42600197066146ea4826f40cfd.jpeg,32,214000,51000
13063,Run With Activ,https://uprace2.vcdn.vn/20221016/85807d0ccf1247e41bea33248d1ac2.png,22,207000,81000
544,HBPR,https://uprace2.vcdn.vn/202007/67f982e913b787a0e6232012c87117.jpeg,23,206000,83000
10273,Xã Đàn Runners - XDR,https://uprace2.vcdn.vn/20200915/3fbd5ec60a2b399ec98af329ff064d.jpeg,34,204000,102000
11514,Funny Running Team (FRT),https://uprace2.vcdn.vn/20211031/1d84d57bacd7fe1be902641e5f9a34.jpeg,22,189000,121000
11503,Ninh Bình Runners - NBR,https://uprace2.vcdn.vn/20211008/2e692f67db0ad0a17c4e122dbefe1f.jpeg,21,188000,37000
13194,Cà khịa Bình Lợi runners (CKBLr),https://uprace2.vcdn.vn/20221026/40c0eea2725f792ffe8e79c5dff0e6.png,17,187000,37000
12997,Đồng Tháp Runners,https://uprace2.vcdn.vn/20221012/a25125a79aaf156e24700e340c4f0a.jpeg,20,181000,81000
13146,Brrc-Bà Rịa Running Club,https://uprace2.vcdn.vn/20221023/9a8f4afdda3e16ceb09bab2c417426.png,16,178000,74000
13120,Cộng đồng chạy bộ Hồ Bạch Đằng Hải Dương,https://uprace2.vcdn.vn/20221020/47a04471d9d8324db588c1e4c7de43.png,19,178000,62000
10229,Thanh Ha Runners - THR,https://uprace2.vcdn.vn/20200914/84d2c1e3270b35eb3448fb0c5157cd.jpeg,23,178000,19000
13182,HCR - Hoàng Công Runners,https://uprace2.vcdn.vn/20221025/a235814e88cb4d0558a42272fe7299.png,26,177000,77000
13124,VHG Runners,https://uprace2.vcdn.vn/20221020/84a9ed145523a13bfb86f7394d77f9.png,20,176000,79000
11506,Tay Ninh Runners,https://uprace2.vcdn.vn/20221027/73fce1a167bcc1353508ec49c27be1.jpeg,18,172000,91000
13166,1983 Runners,https://uprace2.vcdn.vn/20221024/c5f321e19ddcc48a1a947c16c13463.png,19,171000,99000
10163,Cà Mau Running Club - CMRC,,32,169000,66000
13049,PTRs-86,https://uprace2.vcdn.vn/20221014/b748a5d84454c2202723e2e3cc1483.jpeg,19,167000,71000
13000,E3RC - Ehome 3 Run Club,https://uprace2.vcdn.vn/20221012/62e4e052533a85ffc93279258b9119.png,21,163000,88000
10099,VRC - HỘI NHỮNG NGƯỜI CHẠY MARATHON,https://uprace2.vcdn.vn/20200910/79f10c90166eeb1f4dcc42b3035ea8.png,21,162000,52000
58,Runclub.vn,https://uprace2.vcdn.vn/202007/505a8eb1ebfde083119bf25022efcd.jpeg,20,161000,31000
10318,Run&Ride,https://uprace2.vcdn.vn/20201110/050a452a1983737c5d7b6336d32fdb.jpeg,21,154000,73000
13010,Văn Quán Runners,https://uprace2.vcdn.vn/20221012/60979e10dfbf719d61a3633ecf87a9.png,25,138000,47000
12900,PER - PE RUNNERS,https://uprace2.vcdn.vn/20220923/46c3c88340fb249a23d72da8830d85.png,33,138000,39000
13127,Hưng Yên Runners,,13,135000,42000
10095,Cộng đồng chạy bộ hồ Đền Lừ,https://uprace2.vcdn.vn/20200904/9885e8bb62e69c3ce6c04c382ab5b2.jpeg,13,134000,28000
13248,11.CARunner,https://uprace2.vcdn.vn/20221027/701b1bd5c7cbda6c2577d76c8a65a8.png,18,133000,37000
10059,Gia Định Runners,https://uprace2.vcdn.vn/20211027/0f1ca9c96ba8c8107a8febaa46acbc.jpeg,16,132000,21000
51,HCR - Hue Citadel Runners,https://uprace2.vcdn.vn/202007/bfd493d4de78439ca742d7f8a2315a.png,20,132000,45000
13213,LIONS - RUNNER,,27,132000,56000
11593,RUNNERS 19,,18,132000,31000
13152,Bohemia Runners Club,https://uprace2.vcdn.vn/20221026/6d5d007fcbed9bef140f3dbcc4b33a.png,12,131000,43000
11770,YTTC,,20,131000,48000
463,DAR-Đông Anh Runners,https://uprace2.vcdn.vn/20211028/8e01d6aab3104b9b44125123aa1fb4.png,27,131000,35000
10736,Cu Chi Running Club,https://uprace2.vcdn.vn/20200926/d6771002c2357eeeed7ac724b24226.png,9,125000,56000
